Team,Player,Number,Age,Position,Group Position,Nationality,ValueEUR
Johor Darul Ta'zim,Farizal Marlias,1,29,Goalkeeper,Goalkeeper,Malaysia,0.0
Johor Darul Ta'zim,Izham Tarmizi,24,24,Goalkeeper,Goalkeeper,Malaysia,1.0
Johor Darul Ta'zim,Haziq Nadzli,30,17,Goalkeeper,Goalkeeper,Malaysia,2.0
Johor Darul Ta'zim,Bruno Soares,2,27,Centre-Back,Defenders,Brazil,700000.0
Johor Darul Ta'zim,Marcos António,6,32,Centre-Back,Defenders,Brazil,400000.0
Johor Darul Ta'zim,Adam Nor Azlin,-,19,Centre-Back,Defenders,Malaysia,5.0
Johor Darul Ta'zim,Aidil Zafuan,7,28,Centre-Back,Defenders,Malaysia,6.0
Johor Darul Ta'zim,Junior Eldstal,25,24,Centre-Back,Defenders,Malaysia,7.0
Johor Darul Ta'zim,Dominic Tan,26,18,Centre-Back,Defenders,Malaysia,8.0
Johor Darul Ta'zim,Fadhli Shas,27,24,Centre-Back,Defenders,Malaysia,9.0
Johor Darul Ta'zim,Fazly Mazlan,15,22,Left-Back,Defenders,Malaysia,10.0
Johor Darul Ta'zim,S. Kunanlan,12,29,Right-Back,Defenders,Malaysia,11.0
Johor Darul Ta'zim,Azrif Nasrulhaq,20,24,Right-Back,Defenders,Malaysia,12.0
Johor Darul Ta'zim,S. Chanthuru Suppiah,23,28,Right-Back,Defenders,Malaysia,13.0
Johor Darul Ta'zim,Hasbullah Abu Bakar,3,21,Defensive Midfield,Midfielders,Malaysia,14.0
Johor Darul Ta'zim,Afiq Fazail,4,21,Defensive Midfield,Midfielders,Malaysia,15.0
Johor Darul Ta'zim,Gary Steven,13,23,Defensive Midfield,Midfielders,Malaysia,16.0
Johor Darul Ta'zim,Natxo Insa,50,29,Central Midfield,Midfielders,Malaysia,400000.0
Johor Darul Ta'zim,Nazmi Faiz,21,21,Central Midfield,Midfielders,Malaysia,50000.0
Johor Darul Ta'zim,Mohd Shakir,16,29,Central Midfield,Midfielders,Malaysia,19.0
Johor Darul Ta'zim,Amirul Hadi Zainal,5,29,Central Midfield,Midfielders,Malaysia,20.0
Johor Darul Ta'zim,Safiq Rahim,8,28,Central Midfield,Midfielders,Malaysia,21.0
Johor Darul Ta'zim,Brian Ferreira,10,21,Attacking Midfield,Midfielders,Argentina,1500000.0
Johor Darul Ta'zim,Gabriel Guerra,10,22,Attacking Midfield,Midfielders,Argentina,23.0
Johor Darul Ta'zim,Gonzalo Cabrera,11,26,Left Winger,Midfielders,Argentina,600000.0
Johor Darul Ta'zim,Azammuddin Akil,-,30,Right Winger,Midfielders,Malaysia,25.0
Johor Darul Ta'zim,Safawi Rasid,29,18,Right Winger,Midfielders,Malaysia,26.0
Johor Darul Ta'zim,Mahali Jasuli,18,26,Second Striker,Forwards,Malaysia,27.0
Johor Darul Ta'zim,Jerónimo Barrales,-,28,Centre-Forward,Forwards,Argentina,1500000.0
Johor Darul Ta'zim,Luciano Figueroa,-,34,Centre-Forward,Forwards,Argentina,500000.0
Johor Darul Ta'zim,Jorge Pereyra Díaz,-,25,Centre-Forward,Forwards,Argentina,500000.0
Johor Darul Ta'zim,Mohamad Ghaddar,22,31,Centre-Forward,Forwards,Lebanon,31.0
Johor Darul Ta'zim,Hadi Fayyadh,-,15,Centre-Forward,Forwards,Malaysia,32.0
Johor Darul Ta'zim,Hazwan Bakri,9,24,Centre-Forward,Forwards,Malaysia,33.0
Johor Darul Ta'zim,Gopinathan,17,26,Striker,Forwards,Malaysia,34.0
Johor Darul Ta'zim,Darren Lok,28,25,Centre-Forward,Forwards,Malaysia,35.0
Melaka United FC,Zamir Selamat,-,26,Goalkeeper,Goalkeeper,Malaysia,36.0
Melaka United FC,Faridzuean Kamaruddin,-,20,Goalkeeper,Goalkeeper,Malaysia,37.0
Melaka United FC,Mohd Fazli Paat,1,28,Goalkeeper,Goalkeeper,Malaysia,38.0
Melaka United FC,Badrulzaman Abdul Halim,20,37,Goalkeeper,Goalkeeper,Malaysia,39.0
Melaka United FC,Firdaus Muhammad,29,21,Goalkeeper,Goalkeeper,Malaysia,40.0
Melaka United FC,Norhadi,30,28,Goalkeeper,Goalkeeper,Malaysia,41.0
Melaka United FC,Steven Thicot,-,28,Centre-Back,Defenders,France,700000.0
Melaka United FC,Godwin Antwi,-,27,Centre-Back,Defenders,Ghana,200000.0
Melaka United FC,Jasmin Mecinovic,25,25,Centre-Back,Defenders,North Macedonia,150000.0
Melaka United FC,Faiz Suhaimi,-,23,Centre-Back,Defenders,Malaysia,45.0
Melaka United FC,Nicholas Swirad,-,24,Centre-Back,Defenders,Malaysia,46.0
Melaka United FC,Alif Samsudin,-,26,Centre-Back,Defenders,Malaysia,47.0
Melaka United FC,Faizal Muhamad,3,26,Centre-Back,Defenders,Malaysia,48.0
Melaka United FC,Khuzaimi Piee,12,22,Centre-Back,Defenders,Malaysia,49.0
Melaka United FC,Akmal Zahir,15,21,Centre-Back,Defenders,Malaysia,50.0
Melaka United FC,Syawal Norsam,18,26,Centre-Back,Defenders,Malaysia,51.0
Melaka United FC,Khair Jones,26,26,Left-Back,Defenders,Malaysia,25000.0
Melaka United FC,Fandi Othman,-,23,Left-Back,Defenders,Malaysia,53.0
Melaka United FC,Isma Alif Mohd Salim,16,28,Left-Back,Defenders,Malaysia,54.0
Melaka United FC,S. Chanthuru Suppiah,-,28,Right-Back,Defenders,Malaysia,55.0
Melaka United FC,Azmi Muslim,-,29,Right-Back,Defenders,Malaysia,56.0
Melaka United FC,Puaneswaran,27,32,Right-Back,Defenders,Malaysia,57.0
Melaka United FC,Nazri Ahmad,28,25,Right-Back,Defenders,Malaysia,58.0
Melaka United FC,Uh-yeong Jeon,19,28,Defensive Midfield,Midfielders,"Korea, South",250000.0
Melaka United FC,Shahdan Sulaiman,-,27,Defensive Midfield,Midfielders,Singapore,60.0
Melaka United FC,Rashid Mahmud,-,37,Defensive Midfield,Midfielders,Malaysia,61.0
Melaka United FC,Akmal Ishak,-,21,Midfielder,Midfielders,Malaysia,62.0
Melaka United FC,Saiful Mustafa,-,-,Midfielder,Midfielders,Malaysia,63.0
Melaka United FC,Mohd Azrul Ahmad,-,30,Defensive Midfield,Midfielders,Malaysia,64.0
Melaka United FC,Tiago Gomes,-,30,Central Midfield,Midfielders,Portugal,1200000.0
Melaka United FC,Khairu Azrin,-,24,Central Midfield,Midfielders,Malaysia,66.0
Melaka United FC,Ezrie Shafizie Sazali,8,29,Central Midfield,Midfielders,Malaysia,67.0
Melaka United FC,Syed Sobri,-,21,Right Midfield,Midfielders,Malaysia,68.0
Melaka United FC,Farderin Kadir,-,28,Attacking Midfield,Midfielders,Malaysia,69.0
Melaka United FC,Sergio Aguero,-,21,Attacking Midfield,Midfielders,Malaysia,70.0
Melaka United FC,S. Sivanesan,6,25,Attacking Midfield,Midfielders,Malaysia,71.0
Melaka United FC,Surendran Ravindran,7,28,Attacking Midfield,Midfielders,Malaysia,72.0
Melaka United FC,Felipe Souza,10,24,Attacking Midfield,Midfielders,Brazil,73.0
Melaka United FC,Norhakim Isa,13,22,Attacking Midfield,Midfielders,Malaysia,74.0
Melaka United FC,Mohd Azinee,17,25,Attacking Midfield,Midfielders,Malaysia,75.0
Melaka United FC,Jasmir Mehat,23,21,Attacking Midfield,Midfielders,Malaysia,76.0
Melaka United FC,Sheang Tsung Tam,-,20,Left Winger,Midfielders,Malaysia,25000.0
Melaka United FC,Ahmad Fakri Saarani,-,26,Right Winger,Midfielders,Malaysia,78.0
Melaka United FC,Yugan Poobathy,-,18,Right Winger,Midfielders,Malaysia,79.0
Melaka United FC,Amri Yahyah,-,34,Second Striker,Forwards,Malaysia,80.0
Melaka United FC,Fauzi Roslan,24,27,Second Striker,Forwards,Malaysia,81.0
Melaka United FC,Egor Zubovich,-,26,Centre-Forward,Forwards,Belarus,300000.0
Melaka United FC,Marko Simic,-,27,Centre-Forward,Forwards,Croatia,75000.0
Melaka United FC,Ilija Spasojević,-,28,Centre-Forward,Forwards,Indonesia,84.0
Melaka United FC,Gopinathan,-,26,Striker,Forwards,Malaysia,85.0
Melaka United FC,Nurshamil Abd Ghani,-,21,Centre-Forward,Forwards,Malaysia,86.0
Melaka United FC,Izzaq Faris Ramlan,14,25,Centre-Forward,Forwards,Malaysia,87.0
Kedah Darul Aman FC,Farhan Abu Bakar,-,22,Goalkeeper,Goalkeeper,Malaysia,88.0
Kedah Darul Aman FC,Abdul Hadi Abdul Hamid,1,28,Goalkeeper,Goalkeeper,Malaysia,89.0
Kedah Darul Aman FC,Ifwat Akmal,25,19,Goalkeeper,Goalkeeper,Malaysia,90.0
Kedah Darul Aman FC,Asri Muhamad,31,17,Goalkeeper,Goalkeeper,Malaysia,91.0
Kedah Darul Aman FC,Zac Anderson,4,24,Centre-Back,Defenders,Australia,350000.0
Kedah Darul Aman FC,Syawal Nordin,2,22,Centre-Back,Defenders,Malaysia,93.0
Kedah Darul Aman FC,Osman Yusoff,5,21,Centre-Back,Defenders,Malaysia,94.0
Kedah Darul Aman FC,Khairul Helmi,13,27,Centre-Back,Defenders,Malaysia,95.0
Kedah Darul Aman FC,Muhammad Syazwan Tajudin,17,21,Centre-Back,Defenders,Malaysia,96.0
Kedah Darul Aman FC,Fitri Omar,-,30,Left-Back,Defenders,Malaysia,97.0
Kedah Darul Aman FC,Asri Mardzuki,24,21,Left-Back,Defenders,Malaysia,98.0
Kedah Darul Aman FC,Ariff Farhan,27,19,Left-Back,Defenders,Malaysia,99.0
Kedah Darul Aman FC,Raphi Azizan,-,19,Right-Back,Defenders,Malaysia,100.0
Kedah Darul Aman FC,Rizal Ghazali,15,23,Right-Back,Defenders,Malaysia,101.0
Kedah Darul Aman FC,Loqman Hakim,32,17,Right-Back,Defenders,Malaysia,102.0
Kedah Darul Aman FC,Baddrol Bakhtiar,7,27,Central Midfield,Midfielders,Malaysia,103.0
Kedah Darul Aman FC,Akram Mahinan,12,22,Central Midfield,Midfielders,Malaysia,104.0
Kedah Darul Aman FC,Amirul Hisyam,16,20,Central Midfield,Midfielders,Malaysia,105.0
Kedah Darul Aman FC,Halim Saari,18,21,Central Midfield,Midfielders,Malaysia,106.0
Kedah Darul Aman FC,Muhammad Hanif Mat Dzahir,23,21,Central Midfield,Midfielders,Malaysia,107.0
Kedah Darul Aman FC,Zulfahamzie Mohd Tarmizi,38,19,Central Midfield,Midfielders,Malaysia,108.0
Kedah Darul Aman FC,Ken Ilsö,9,29,Attacking Midfield,Midfielders,Denmark,750000.0
Kedah Darul Aman FC,Liridon Krasniqi,8,23,Attacking Midfield,Midfielders,Malaysia,400000.0
Kedah Darul Aman FC,Farhan Roslan,19,19,Left Winger,Midfielders,Malaysia,111.0
Kedah Darul Aman FC,Syazwan Zainon,22,26,Left Winger,Midfielders,Malaysia,112.0
Kedah Darul Aman FC,Akhyar Rashid,33,16,Left Winger,Midfielders,Malaysia,113.0
Kedah Darul Aman FC,Ahmad Fakri Saarani,-,26,Right Winger,Midfielders,Malaysia,114.0
Kedah Darul Aman FC,Sandro Mendonça,10,32,Second Striker,Forwards,Brazil,425000.0
Kedah Darul Aman FC,Syafiq Ahmad,20,20,Second Striker,Forwards,Malaysia,116.0
Kedah Darul Aman FC,Syazuan Hazani,-,21,Striker,Forwards,Malaysia,117.0
Kedah Darul Aman FC,Akmal Azmi,34,17,Centre-Forward,Forwards,Malaysia,118.0
Kedah Darul Aman FC,Hidhir Idris,35,18,Centre-Forward,Forwards,Malaysia,119.0
Kedah Darul Aman FC,Aminuddin Abu Bakar,36,17,Centre-Forward,Forwards,Malaysia,120.0
Selangor FC,Damien Lim,-,18,Goalkeeper,Goalkeeper,Malaysia,121.0
Selangor FC,Khairulazhan Khalid,1,26,Goalkeeper,Goalkeeper,Malaysia,122.0
Selangor FC,Norazlan Razali,21,30,Goalkeeper,Goalkeeper,Malaysia,123.0
Selangor FC,Zarif Irfan,22,20,Goalkeeper,Goalkeeper,Malaysia,124.0
Selangor FC,Ugo Ukah,-,31,Centre-Back,Defenders,Nigeria,400000.0
Selangor FC,Willian Pacheco,-,23,Centre-Back,Defenders,Brazil,126.0
Selangor FC,Amir Asyraf Azhari,-,17,Centre-Back,Defenders,Malaysia,127.0
Selangor FC,Adam Nor Azlin,-,19,Centre-Back,Defenders,Malaysia,128.0
Selangor FC,Amirul Ashraf,6,17,Centre-Back,Defenders,Malaysia,129.0
Selangor FC,Bunyamin Umar,12,27,Centre-Back,Defenders,Malaysia,130.0
Selangor FC,Razman Roslan,13,31,Centre-Back,Defenders,Malaysia,131.0
Selangor FC,Rizal Fahmi Rosid,17,29,Centre-Back,Defenders,Malaysia,132.0
Selangor FC,Mohd Fairuz Abdul Aziz,26,30,Centre-Back,Defenders,Malaysia,133.0
Selangor FC,Tamil Maran,33,18,Centre-Back,Defenders,Malaysia,134.0
Selangor FC,S.Veenod,-,27,Left-Back,Defenders,Malaysia,135.0
Selangor FC,K. Kannan,3,19,Left-Back,Defenders,Malaysia,136.0
Selangor FC,Raimi Md Nor,15,29,Left-Back,Defenders,Malaysia,137.0
Selangor FC,A. Namathevan,2,19,Right-Back,Defenders,Malaysia,138.0
Selangor FC,Syahmi Safari,20,17,Right-Back,Defenders,Malaysia,139.0
Selangor FC,Abdul Halim Zainal,4,27,Central Midfield,Midfielders,Malaysia,140.0
Selangor FC,Saiful Ridzuwan,8,23,Central Midfield,Midfielders,Malaysia,141.0
Selangor FC,K. Sarkunan,16,19,Central Midfield,Midfielders,Malaysia,142.0
Selangor FC,K. Satish,5,21,Right Midfield,Midfielders,Malaysia,143.0
Selangor FC,Fitri Shazwan,24,28,Left Midfield,Midfielders,Malaysia,144.0
Selangor FC,Juliano Mineiro,-,29,Attacking Midfield,Midfielders,Brazil,400000.0
Selangor FC,Joseph Kalang Tie,-,28,Attacking Midfield,Midfielders,Malaysia,146.0
Selangor FC,Victor Astafei,-,28,Left Winger,Midfielders,Romania,450000.0
Selangor FC,Faizzudin Abidin,11,19,Left Winger,Midfielders,Malaysia,148.0
Selangor FC,Ilham Armaiyn,18,19,Left Winger,Midfielders,Indonesia,149.0
Selangor FC,Andik Vermansyah,-,24,Right Winger,Midfielders,Indonesia,150.0
Selangor FC,Amri Yahyah,29,34,Second Striker,Forwards,Malaysia,151.0
Selangor FC,Rufino Segovia,30,30,Centre-Forward,Forwards,Spain,150000.0
Selangor FC,Forkey Doe,10,30,Centre-Forward,Forwards,Liberia,153.0
Selangor FC,Nurshamil Abd Ghani,-,21,Centre-Forward,Forwards,Malaysia,154.0
Selangor FC,Afiq Azmi,19,26,Centre-Forward,Forwards,Malaysia,155.0
Sri Pahang FC,Helmi Eliza,1,32,Goalkeeper,Goalkeeper,Malaysia,156.0
Sri Pahang FC,Mohd Saufi Muhammad,22,23,Goalkeeper,Goalkeeper,Malaysia,157.0
Sri Pahang FC,Wan Azraie,27,29,Goalkeeper,Goalkeeper,Malaysia,158.0
Sri Pahang FC,Jae-won Heo,-,31,Centre-Back,Defenders,"Korea, South",400000.0
Sri Pahang FC,Kiko Insa,9,27,Centre-Back,Defenders,Malaysia,100000.0
Sri Pahang FC,Mohd Saiful Nizam Miswan,3,34,Centre-Back,Defenders,Malaysia,161.0
Sri Pahang FC,Afif Amiruddin,19,31,Centre-Back,Defenders,Malaysia,162.0
Sri Pahang FC,Muslim Ahmad,24,26,Centre-Back,Defenders,Malaysia,163.0
Sri Pahang FC,R. Dinesh,4,17,Left-Back,Defenders,Malaysia,164.0
Sri Pahang FC,Faisal Rosli,14,24,Left-Back,Defenders,Malaysia,165.0
Sri Pahang FC,Zubir Azmi,21,24,Left-Back,Defenders,Malaysia,166.0
Sri Pahang FC,Hilmi Husaini Asmadi,32,20,Left-Back,Defenders,Malaysia,167.0
Sri Pahang FC,Matthew Davies,2,20,Right-Back,Defenders,Malaysia,150000.0
Sri Pahang FC,Ashar Al-Aafiz,30,20,Right-Back,Defenders,Malaysia,169.0
Sri Pahang FC,Safuwan Baharudin,-,24,Defensive Midfield,Midfielders,Singapore,100000.0
Sri Pahang FC,Syamim Yahya,11,25,Midfielder,Midfielders,Malaysia,171.0
Sri Pahang FC,Ahmad Nordin Alias,18,30,Defensive Midfield,Midfielders,Malaysia,172.0
Sri Pahang FC,Salomon Raj,23,21,Defensive Midfield,Midfielders,Malaysia,173.0
Sri Pahang FC,Azam Azih,20,20,Central Midfield,Midfielders,Malaysia,174.0
Sri Pahang FC,Joseph Kalang Tie,-,28,Attacking Midfield,Midfielders,Malaysia,175.0
Sri Pahang FC,Ashaari Samsuddin,5,30,Attacking Midfield,Midfielders,Malaysia,176.0
Sri Pahang FC,Yamil Romero,10,20,Attacking Midfield,Midfielders,Argentina,177.0
Sri Pahang FC,Nurridzuan Hassan,16,23,Attacking Midfield,Midfielders,Malaysia,178.0
Sri Pahang FC,Faisal Halim,7,17,Left Winger,Midfielders,Malaysia,179.0
Sri Pahang FC,Wan Zaharulnizam Zakaria,8,24,Left Winger,Midfielders,Malaysia,180.0
Sri Pahang FC,Sharul Nizam,34,19,Left Winger,Midfielders,Malaysia,181.0
Sri Pahang FC,C. Jayaselan,6,29,Right Winger,Midfielders,Malaysia,182.0
Sri Pahang FC,Mohamadou Sumareh,26,21,Right Winger,Midfielders,Malaysia,183.0
Sri Pahang FC,Kogileswaran Raj,28,17,Right Winger,Midfielders,Malaysia,184.0
Sri Pahang FC,Zuhair Aizat,33,19,Right Winger,Midfielders,Malaysia,185.0
Sri Pahang FC,Matheus Alves,29,22,Centre-Forward,Forwards,Brazil,350000.0
Sri Pahang FC,Bright Dike,-,28,Centre-Forward,Forwards,Nigeria,150000.0
Sri Pahang FC,Norshahrul Idlan,-,29,Centre-Forward,Forwards,Malaysia,188.0
Selangor FC II,Zamir Selamat,-,26,Goalkeeper,Goalkeeper,Malaysia,189.0
Selangor FC II,G. Jeevananthan,1,35,Goalkeeper,Goalkeeper,Malaysia,190.0
Selangor FC II,Haziq Aris,25,25,Goalkeeper,Goalkeeper,Malaysia,191.0
Selangor FC II,Tauffiq Ar Rashid,30,20,Goalkeeper,Goalkeeper,Malaysia,192.0
Selangor FC II,Abdou Jammeh,12,29,Centre-Back,Defenders,The Gambia,250000.0
Selangor FC II,Gonzalo Soto,-,25,Centre-Back,Defenders,Argentina,75000.0
Selangor FC II,Arip Amiruddin,-,23,Centre-Back,Defenders,Malaysia,195.0
Selangor FC II,Abdul Ghani Rahman,17,30,Centre-Back,Defenders,Malaysia,196.0
Selangor FC II,Mohd Nizam,24,31,Centre-Back,Defenders,Malaysia,197.0
Selangor FC II,Amirizwan Taj,26,29,Centre-Back,Defenders,Malaysia,198.0
Selangor FC II,Qayyum Marjoni,-,21,Left-Back,Defenders,Malaysia,199.0
Selangor FC II,P. Gunalan,15,34,Left-Back,Defenders,Malaysia,200.0
Selangor FC II,Kwang-il Park,2,24,Right-Back,Defenders,"Korea, South",25000.0
Selangor FC II,Sabree Abu,-,28,Right-Back,Defenders,Malaysia,202.0
Selangor FC II,Azmi Muslim,-,29,Right-Back,Defenders,Malaysia,203.0
Selangor FC II,Azreen Zulkafali,16,26,Right-Back,Defenders,Malaysia,204.0
Selangor FC II,Azmizi Azmi,27,29,Right-Back,Defenders,Malaysia,205.0
Selangor FC II,Munir Amran,6,32,Midfielder,Midfielders,Malaysia,206.0
Selangor FC II,Fauzan Dzulkifli,13,28,Defensive Midfield,Midfielders,Malaysia,207.0
Selangor FC II,M. Sivakumar,18,31,Defensive Midfield,Midfielders,Malaysia,208.0
Selangor FC II,Affize Faisal Mamat,20,26,Defensive Midfield,Midfielders,Malaysia,209.0
Selangor FC II,K.Gurusamy,29,27,Defensive Midfield,Midfielders,Malaysia,210.0
Selangor FC II,Khairu Azrin,8,24,Central Midfield,Midfielders,Malaysia,211.0
Selangor FC II,Shahrul Azhar,5,30,Right Midfield,Midfielders,Malaysia,212.0
Selangor FC II,P. Rajes,7,30,Right Midfield,Midfielders,Malaysia,213.0
Selangor FC II,Khairul Ramadhan Zauwawi,19,27,Left Midfield,Midfielders,Malaysia,214.0
Selangor FC II,Alif Haikal Sabri,23,20,Left Midfield,Midfielders,Malaysia,215.0
Selangor FC II,Lucas Espíndola,-,21,Attacking Midfield,Midfielders,Argentina,216.0
Selangor FC II,S. Sivanesan,-,25,Attacking Midfield,Midfielders,Malaysia,217.0
Selangor FC II,Nazrin Syamsul Bahri,11,25,Left Winger,Midfielders,Malaysia,218.0
Selangor FC II,Fábio Ferreira,21,26,Right Winger,Midfielders,Portugal,750000.0
Selangor FC II,Khyril Muhymeen,14,28,Right Winger,Midfielders,Malaysia,220.0
Selangor FC II,Matías Jadue,-,23,Centre-Forward,Forwards,Palestine,150000.0
Selangor FC II,Failee Ghazli,-,28,Centre-Forward,Forwards,Malaysia,222.0
Selangor FC II,Jafri Firdaus Chew,-,18,Centre-Forward,Forwards,Malaysia,223.0
Selangor FC II,Patrick Wleh,4,24,Centre-Forward,Forwards,Liberia,224.0
Selangor FC II,Bobby Gonzales,9,31,Centre-Forward,Forwards,Malaysia,225.0
Selangor FC II,Safee Sali,10,31,Centre-Forward,Forwards,Malaysia,226.0
Kelantan FC,Shahrizan Ismail,-,35,Goalkeeper,Goalkeeper,Malaysia,227.0
Kelantan FC,Ramadhan Hamid,1,21,Goalkeeper,Goalkeeper,Malaysia,228.0
Kelantan FC,Khairul Fahmi,19,26,Goalkeeper,Goalkeeper,Malaysia,229.0
Kelantan FC,Syihan Hazmi,33,19,Goalkeeper,Goalkeeper,Malaysia,230.0
Kelantan FC,Futty Danso,-,32,Centre-Back,Defenders,The Gambia,150000.0
Kelantan FC,Norhafiz Zamani Misbah,-,34,Centre-Back,Defenders,Malaysia,75000.0
Kelantan FC,Cássio,-,26,Centre-Back,Defenders,Brazil,233.0
Kelantan FC,Hasmizan Kamarodin,-,31,Centre-Back,Defenders,Malaysia,234.0
Kelantan FC,Sooryapparad Subramaniam,-,30,Centre-Back,Defenders,Malaysia,235.0
Kelantan FC,Nik Shahrul Azim Abdul Halim,-,25,Centre-Back,Defenders,Malaysia,236.0
Kelantan FC,Nasharizam Abd. Rashid,-,20,Centre-Back,Defenders,Malaysia,237.0
Kelantan FC,Farisham Ismail,6,30,Centre-Back,Defenders,Malaysia,238.0
Kelantan FC,Faris Shah,25,20,Centre-Back,Defenders,Malaysia,239.0
Kelantan FC,Faizol Nazlin Sayuti,27,23,Centre-Back,Defenders,Malaysia,240.0
Kelantan FC,Zairul Fitree Ishak,-,30,Left-Back,Defenders,Malaysia,241.0
Kelantan FC,Aziz Ismail,-,27,Left-Back,Defenders,Malaysia,242.0
Kelantan FC,Qayyum Marjoni,-,21,Left-Back,Defenders,Malaysia,243.0
Kelantan FC,S.Veenod,-,27,Left-Back,Defenders,Malaysia,244.0
Kelantan FC,Tengku Qayyum,-,29,Left-Back,Defenders,Malaysia,245.0
Kelantan FC,Azwan Aripin,32,19,Left-Back,Defenders,Malaysia,246.0
Kelantan FC,Daudsu Jamaluddin,-,30,Right-Back,Defenders,Malaysia,247.0
Kelantan FC,Morgaro Gomis,21,30,Defensive Midfield,Midfielders,Senegal,600000.0
Kelantan FC,Fadhilah Pauzi,35,19,Defensive Midfield,Midfielders,Malaysia,249.0
Kelantan FC,Sukri Hamid,-,23,Central Midfield,Midfielders,Malaysia,250.0
Kelantan FC,Shahrul Hakim,-,20,Central Midfield,Midfielders,Malaysia,251.0
Kelantan FC,Rozaimi Azwar Mat Noor,4,22,Central Midfield,Midfielders,Malaysia,252.0
Kelantan FC,Badhri Radzi,16,33,Central Midfield,Midfielders,Malaysia,253.0
Kelantan FC,S. Thinagaran,-,29,Right Midfield,Midfielders,Malaysia,254.0
Kelantan FC,Amir Zikri Pauzi,-,21,Left Midfield,Midfielders,Malaysia,255.0
Kelantan FC,Nik Akif,37,16,Attacking Midfield,Midfielders,Malaysia,256.0
Kelantan FC,Indra Putra Mahayuddin,-,34,Left Winger,Midfielders,Malaysia,257.0
Kelantan FC,Hattaphon Bun An,-,24,Left Winger,Midfielders,Malaysia,258.0
Kelantan FC,Haikal Nazri,-,22,Left Winger,Midfielders,Malaysia,259.0
Kelantan FC,Dong-hyeon Do,10,22,Right Winger,Midfielders,"Korea, South",100000.0
Kelantan FC,Syafiq Abd. Rahman,-,20,Right Winger,Midfielders,Malaysia,261.0
Kelantan FC,Nor Farhan Muhammad,10,31,Right Winger,Midfielders,Malaysia,262.0
Kelantan FC,Abu Baker Al-Mel,9,23,Second Striker,Forwards,Lebanon,75000.0
Kelantan FC,Khairul Izuan Rosli,-,24,Second Striker,Forwards,Malaysia,264.0
Kelantan FC,Danial Ashraf Abdullah,34,18,Second Striker,Forwards,Malaysia,265.0
Kelantan FC,Bruno Lopes,50,29,Centre-Forward,Forwards,Brazil,500000.0
Kelantan FC,l'Imam Seydi,-,30,Centre-Forward,Forwards,France,200000.0
Kelantan FC,Alessandro Padovani Celin,-,26,Centre-Forward,Forwards,Brazil,200000.0
Kelantan FC,Mohamad Ghaddar,-,31,Centre-Forward,Forwards,Lebanon,269.0
Kelantan FC,Fakhrul Zaman Zawawi,-,23,Centre-Forward,Forwards,Malaysia,270.0
Kelantan FC,Nik Azli Nik Alias,36,18,Centre-Forward,Forwards,Malaysia,271.0
Terengganu FC II,Hafidz Romly,1,26,Goalkeeper,Goalkeeper,Malaysia,272.0
Terengganu FC II,Muhammad Izzuddin,23,23,Goalkeeper,Goalkeeper,Malaysia,273.0
Terengganu FC II,Suhaimi Husin,28,21,Goalkeeper,Goalkeeper,Malaysia,274.0
Terengganu FC II,Abdoulaye Maïga,3,27,Centre-Back,Defenders,Mali,150000.0
Terengganu FC II,Wan Amirzafran,-,21,Centre-Back,Defenders,Malaysia,276.0
Terengganu FC II,Hasbullah Awang,5,32,Centre-Back,Defenders,Malaysia,277.0
Terengganu FC II,Abdullah Suleiman,24,21,Centre-Back,Defenders,Malaysia,278.0
Terengganu FC II,Aqil Irfanuddin,29,18,Centre-Back,Defenders,Malaysia,279.0
Terengganu FC II,Arif Fadzilah,2,19,Left-Back,Defenders,Malaysia,280.0
Terengganu FC II,Hassan Basri,7,27,Left-Back,Defenders,Malaysia,281.0
Terengganu FC II,Mohd Syuhiran,16,22,Left-Back,Defenders,Malaysia,282.0
Terengganu FC II,Kamal Azizi,-,22,Right-Back,Defenders,Malaysia,283.0
Terengganu FC II,Shamsul Kamal,20,26,Right-Back,Defenders,Malaysia,284.0
Terengganu FC II,Badrul Hisyam Morris,8,28,Defensive Midfield,Midfielders,Malaysia,285.0
Terengganu FC II,Naim Zakaria,12,22,Defensive Midfield,Midfielders,Malaysia,286.0
Terengganu FC II,Shaziran Sapien,6,20,Central Midfield,Midfielders,Malaysia,287.0
Terengganu FC II,Shakir Zufayri,13,-,Central Midfield,Midfielders,Malaysia,288.0
Terengganu FC II,Ramzi Sufian,19,21,Central Midfield,Midfielders,Malaysia,289.0
Terengganu FC II,Azalinullah Alias,26,19,Central Midfield,Midfielders,Malaysia,290.0
Terengganu FC II,Ahmad Takhiyuddin,15,22,Right Midfield,Midfielders,Malaysia,291.0
Terengganu FC II,Syed Sobri,17,21,Right Midfield,Midfielders,Malaysia,292.0
Terengganu FC II,Sébastien Thuriere,-,25,Attacking Midfield,Midfielders,Haiti,293.0
Terengganu FC II,Azrul Hazran,21,30,Attacking Midfield,Midfielders,Malaysia,294.0
Terengganu FC II,Fakhrurazi Musa,25,24,Attacking Midfield,Midfielders,Malaysia,295.0
Terengganu FC II,Mohd Asrol Ibrahim,56,29,Attacking Midfield,Midfielders,Malaysia,296.0
Terengganu FC II,Nor Hakim Hassan,11,24,Left Winger,Midfielders,Malaysia,297.0
Terengganu FC II,Zarulizwan Mazlan,33,18,Left Winger,Midfielders,Malaysia,298.0
Terengganu FC II,Dilshod Sharofetdinov,30,30,Right Winger,Midfielders,Uzbekistan,175000.0
Terengganu FC II,Fauzi Kadar,-,23,Right Winger,Midfielders,Malaysia,300.0
Terengganu FC II,Azrean Abd Aziz,9,20,Right Winger,Midfielders,Malaysia,301.0
Terengganu FC II,Ooi Shee Keong,53,24,Right Winger,Midfielders,Malaysia,302.0
Terengganu FC II,Yannick N'Djeng,55,25,Centre-Forward,Forwards,Cameroon,800000.0
Terengganu FC II,Mamadou Samassa,10,29,Centre-Forward,Forwards,Mali,400000.0
Terengganu FC II,Farkhod Tadzhiev,-,29,Centre-Forward,Forwards,Uzbekistan,300000.0
Terengganu FC II,Zulhanizam,-,21,Centre-Forward,Forwards,Malaysia,306.0
Terengganu FC II,Ramzul Zahini,22,28,Centre-Forward,Forwards,Malaysia,307.0
Penang FC,Syed Adney,1,29,Goalkeeper,Goalkeeper,Malaysia,308.0
Penang FC,Hazrull Hafiz,-,18,Goalkeeper,Goalkeeper,Malaysia,309.0
Penang FC,Sani Anuar Kamsani,22,32,Goalkeeper,Goalkeeper,Malaysia,310.0
Penang FC,Amirul Asyraf,25,21,Goalkeeper,Goalkeeper,Malaysia,311.0
Penang FC,Adam Zairi bin Fitri Zaini,40,17,Goalkeeper,Goalkeeper,Malaysia,312.0
Penang FC,Brandon McDonald,4,29,Centre-Back,Defenders,Guam,300000.0
Penang FC,Reinaldo Lobo,-,27,Centre-Back,Defenders,Brazil,150000.0
Penang FC,Andy Russell,-,28,Centre-Back,Defenders,Hongkong,75000.0
Penang FC,Mafry Balang,2,31,Centre-Back,Defenders,Malaysia,316.0
Penang FC,Darwira Sazan,3,27,Centre-Back,Defenders,Malaysia,317.0
Penang FC,Yong Kuong Yong,6,27,Centre-Back,Defenders,Malaysia,318.0
Penang FC,Zulkhairi Zulkeply,18,20,Centre-Back,Defenders,Malaysia,319.0
Penang FC,K. Reuben,27,25,Centre-Back,Defenders,Malaysia,320.0
Penang FC,Khairul Akmal Rokisham,36,17,Centre-Back,Defenders,Malaysia,321.0
Penang FC,Asraruddin Putra Omar,-,27,Left-Back,Defenders,Malaysia,322.0
Penang FC,Rafiuddin Roddin,20,26,Left-Back,Defenders,Malaysia,323.0
Penang FC,Abdul Qayyum,26,20,Left-Back,Defenders,Malaysia,324.0
Penang FC,Mohammad Amirul Mohamad,28,18,Right-Back,Defenders,Malaysia,325.0
Penang FC,Diogo Ferreira,-,26,Defensive Midfield,Midfielders,Australia,200000.0
Penang FC,Mohd Azrul Ahmad,-,30,Defensive Midfield,Midfielders,Malaysia,327.0
Penang FC,Elias Sulaiman,-,29,Midfielder,Midfielders,Malaysia,328.0
Penang FC,Mohd Redzuan Suhaidi,19,20,Defensive Midfield,Midfielders,Malaysia,329.0
Penang FC,G. Mahathevan,30,27,Defensive Midfield,Midfielders,Malaysia,330.0
Penang FC,Matías Córdoba,7,31,Central Midfield,Midfielders,Argentina,400000.0
Penang FC,Azidan Sarudin,5,29,Central Midfield,Midfielders,Malaysia,332.0
Penang FC,Syukur Saidin,8,24,Central Midfield,Midfielders,Malaysia,333.0
Penang FC,Syamer Kutty,14,18,Central Midfield,Midfielders,Malaysia,334.0
Penang FC,Shazalee Ramlee,15,21,Central Midfield,Midfielders,Malaysia,335.0
Penang FC,Nurfais Johari,37,16,Central Midfield,Midfielders,Malaysia,336.0
Penang FC,Sanna Nyassi,15,26,Right Midfield,Midfielders,The Gambia,250000.0
Penang FC,Rashid Aya,-,25,Right Midfield,Midfielders,Malaysia,338.0
Penang FC,Mark Hartmann,9,23,Attacking Midfield,Midfielders,Philippines,25000.0
Penang FC,Mohd Faiz Subri,13,28,Attacking Midfield,Midfielders,Malaysia,340.0
Penang FC,Faizat Ghazli,17,21,Attacking Midfield,Midfielders,Malaysia,341.0
Penang FC,Thivandaran Karnan,35,16,Left Winger,Midfielders,Malaysia,342.0
Penang FC,Nigel Dabinyaba,10,23,Right Winger,Midfielders,Papua New Guinea,343.0
Penang FC,S. Kumaahran,12,19,Right Winger,Midfielders,Malaysia,344.0
Penang FC,Thamil Arasu,-,24,Centre-Forward,Forwards,Malaysia,345.0
Penang FC,Failee Ghazli,-,28,Centre-Forward,Forwards,Malaysia,346.0
Penang FC,Jafri Firdaus Chew,-,18,Centre-Forward,Forwards,Malaysia,347.0
Penang FC,R. Surendran,23,33,Striker,Forwards,Malaysia,348.0
FELDA United FC,Kalamullah Al-Hafiz,1,20,Goalkeeper,Goalkeeper,Malaysia,349.0
FELDA United FC,Ilham Amirullah,24,21,Goalkeeper,Goalkeeper,Malaysia,350.0
FELDA United FC,Farizal Harun,30,29,Goalkeeper,Goalkeeper,Malaysia,351.0
FELDA United FC,Muhammad Ilham,-,23,Defender,Defenders,Malaysia,352.0
FELDA United FC,Dino Djulbic,2,32,Centre-Back,Defenders,Australia,250000.0
FELDA United FC,Mootaz Jounaidi,5,29,Centre-Back,Defenders,Lebanon,100000.0
FELDA United FC,Norfazly,3,34,Centre-Back,Defenders,Malaysia,355.0
FELDA United FC,Stuart Wark,16,26,Centre-Back,Defenders,Malaysia,356.0
FELDA United FC,Ali Imran Alimi,31,17,Centre-Back,Defenders,Malaysia,357.0
FELDA United FC,Ridhwan Abdul Aziz,-,20,Left-Back,Defenders,Malaysia,358.0
FELDA United FC,Farid Ramli,-,28,Left-Back,Defenders,Malaysia,359.0
FELDA United FC,Mohd Farid,2,28,Left-Back,Defenders,Malaysia,360.0
FELDA United FC,K. Prabakaran,15,24,Left-Back,Defenders,Malaysia,361.0
FELDA United FC,Mohd Aizulridzwan Razali,18,29,Left-Back,Defenders,Malaysia,362.0
FELDA United FC,Alif Yusof,28,24,Left-Back,Defenders,Malaysia,363.0
FELDA United FC,Wan Amirul Afiq,20,23,Right-Back,Defenders,Malaysia,364.0
FELDA United FC,Safwan Hashim,23,21,Right-Back,Defenders,Malaysia,365.0
FELDA United FC,Hasni Zaidi Jamian,26,25,Right-Back,Defenders,Malaysia,366.0
FELDA United FC,Shukor Adan,12,36,Defensive Midfield,Midfielders,Malaysia,75000.0
FELDA United FC,Khairul Ismail,7,34,Defensive Midfield,Midfielders,Malaysia,368.0
FELDA United FC,Curran Ferns,29,22,Defensive Midfield,Midfielders,Malaysia,369.0
FELDA United FC,Zah Rahan Krangar,10,30,Central Midfield,Midfielders,Liberia,370.0
FELDA United FC,Syahid Zaidon,21,25,Central Midfield,Midfielders,Malaysia,371.0
FELDA United FC,Azriddin Rosli,25,20,Central Midfield,Midfielders,Malaysia,372.0
FELDA United FC,Danial Amier,32,18,Central Midfield,Midfielders,Malaysia,373.0
FELDA United FC,Hadin Azman,27,21,Left Winger,Midfielders,Malaysia,374.0
FELDA United FC,Wan Zack Haikal,11,24,Right Winger,Midfielders,Malaysia,375.0
FELDA United FC,Ridzuan Abdunloh,-,21,Right Winger,Midfielders,Malaysia,376.0
FELDA United FC,Mohd Fazrul Hazli,19,26,Right Winger,Midfielders,Malaysia,377.0
FELDA United FC,Ifedayo Olusegun,14,24,Second Striker,Forwards,Nigeria,378.0
FELDA United FC,Lucas Cano,-,20,Centre-Forward,Forwards,Argentina,200000.0
FELDA United FC,Gastón Cellerino,23,29,Centre-Forward,Forwards,Argentina,100000.0
FELDA United FC,Thiago Fernandes,8,25,Centre-Forward,Forwards,Bahrain,381.0
FELDA United FC,Norshahrul Idlan,9,29,Centre-Forward,Forwards,Malaysia,382.0
FELDA United FC,Fakrul Aiman,17,26,Centre-Forward,Forwards,Malaysia,383.0
Perak FC,Azizon Abdul Kadir,-,35,Goalkeeper,Goalkeeper,Malaysia,384.0
Perak FC,Yuvaraj Rajendran,-,19,Goalkeeper,Goalkeeper,Malaysia,385.0
Perak FC,Syazani Puat,1,21,Goalkeeper,Goalkeeper,Malaysia,386.0
Perak FC,Khairul Amri,18,26,Goalkeeper,Goalkeeper,Malaysia,387.0
Perak FC,Hafizul Hakim,22,22,Goalkeeper,Goalkeeper,Malaysia,388.0
Perak FC,Shafiq Hashim,-,20,Defender,Defenders,Malaysia,389.0
Perak FC,Aidiel Shafiq,-,19,Defender,Defenders,Malaysia,390.0
Perak FC,Thiago Junio,26,31,Centre-Back,Defenders,Brazil,50000.0
Perak FC,Raffi Nagoorgani,-,23,Centre-Back,Defenders,Malaysia,392.0
Perak FC,Muhd Arif Ismail,2,29,Centre-Back,Defenders,Malaysia,393.0
Perak FC,Shahrul Saad,3,22,Centre-Back,Defenders,Malaysia,394.0
Perak FC,Shahrom Abdul Kalam,5,30,Centre-Back,Defenders,Malaysia,395.0
Perak FC,Shathiya Kandasamy,6,25,Centre-Back,Defenders,Malaysia,396.0
Perak FC,Wan Syukri Wan Ahmad,13,24,Centre-Back,Defenders,Malaysia,397.0
Perak FC,Idris Ahmad,15,25,Centre-Back,Defenders,Malaysia,398.0
Perak FC,Nazirul Naim,21,22,Left-Back,Defenders,Malaysia,399.0
Perak FC,Azrul Nizam,-,21,Left-Back,Defenders,Malaysia,400.0
Perak FC,Amirul Azhan,23,22,Right-Back,Defenders,Malaysia,401.0
Perak FC,Fikri Sudin,-,21,Midfielder,Midfielders,Malaysia,402.0
Perak FC,Kenny Pallraj,12,22,Defensive Midfield,Midfielders,Malaysia,403.0
Perak FC,Jasazrin Jamaludin,19,29,Defensive Midfield,Midfielders,Malaysia,404.0
Perak FC,Mohd Hafiz Kamal,27,28,Midfielder,Midfielders,Malaysia,405.0
Perak FC,Firdaus Saiyadi,-,19,Central Midfield,Midfielders,Malaysia,406.0
Perak FC,Hafiz Ramdan,-,22,Central Midfield,Midfielders,Malaysia,407.0
Perak FC,Nasir Basharudin,4,25,Central Midfield,Midfielders,Malaysia,408.0
Perak FC,Ridzuan Azly Hussham,-,23,Right Midfield,Midfielders,Malaysia,409.0
Perak FC,Ibrahim Aziz,16,22,Right Midfield,Midfielders,Malaysia,410.0
Perak FC,Faton Toski,-,28,Attacking Midfield,Midfielders,Kosovo,250000.0
Perak FC,Akhir Bahari,-,21,Attacking Midfield,Midfielders,Malaysia,412.0
Perak FC,Leandro dos Santos,25,29,Attacking Midfield,Midfielders,Brazil,413.0
Perak FC,Amirul Waie Yaacob,-,19,Left Winger,Midfielders,Malaysia,414.0
Perak FC,Nazrin Nawi,20,27,Left Winger,Midfielders,Malaysia,415.0
Perak FC,Amir Safuan Zubir,-,18,Right Winger,Midfielders,Malaysia,416.0
Perak FC,Khairil Anuar,7,20,Right Winger,Midfielders,Malaysia,417.0
Perak FC,Vladislav Mirchev,-,28,Centre-Forward,Forwards,Bulgaria,200000.0
Perak FC,Yashir Islame,-,24,Centre-Forward,Forwards,Palestine,419.0
Perak FC,Zaquan Adha,8,28,Centre-Forward,Forwards,Malaysia,420.0
Perak FC,Abdul Hadi Yahya,14,30,Centre-Forward,Forwards,Malaysia,421.0
Perak FC,Mohd Nizad Ayub,30,27,Centre-Forward,Forwards,Malaysia,422.0
Perak FC,Gilmar,51,27,Centre-Forward,Forwards,Brazil,423.0
Sarawak FA,Florian Rison,1,20,Goalkeeper,Goalkeeper,Malaysia,424.0
Sarawak FA,Zul Mohi,18,25,Goalkeeper,Goalkeeper,Malaysia,425.0
Sarawak FA,Aidil Mohamad,21,35,Goalkeeper,Goalkeeper,Malaysia,426.0
Sarawak FA,Shahril Sa'ari,25,25,Goalkeeper,Goalkeeper,Malaysia,427.0
Sarawak FA,Najmuddin Mat Noor,14,20,Defender,Defenders,Malaysia,428.0
Sarawak FA,Demerson,-,29,Centre-Back,Defenders,Brazil,200000.0
Sarawak FA,Ronny Harun,2,31,Centre-Back,Defenders,Malaysia,430.0
Sarawak FA,Hairol Mokhtar,17,31,Centre-Back,Defenders,Malaysia,431.0
Sarawak FA,Mohd Dzulfadli,24,24,Centre-Back,Defenders,Malaysia,432.0
Sarawak FA,Rodney Celvin,35,19,Centre-Back,Defenders,Malaysia,433.0
Sarawak FA,Tommy Mawat,-,20,Left-Back,Defenders,Malaysia,434.0
Sarawak FA,Izray Iffarul Roslan,6,23,Left-Back,Defenders,Malaysia,435.0
Sarawak FA,Ramesh,12,35,Left-Back,Defenders,Malaysia,436.0
Sarawak FA,Jimmy Raymond,32,19,Left-Back,Defenders,Malaysia,437.0
Sarawak FA,Dzulazlan Ibrahim,13,27,Right-Back,Defenders,Malaysia,438.0
Sarawak FA,Mazwandi,22,26,Right-Back,Defenders,Malaysia,439.0
Sarawak FA,Milos Raickovic,52,22,Central Midfield,Midfielders,Montenegro,200000.0
Sarawak FA,Adam Shreen,-,22,Central Midfield,Midfielders,Malaysia,441.0
Sarawak FA,Mohammad Shahrol,16,31,Central Midfield,Midfielders,Malaysia,442.0
Sarawak FA,Alif Hassan,26,21,Central Midfield,Midfielders,Malaysia,443.0
Sarawak FA,A. Kamaruddin,28,20,Central Midfield,Midfielders,Malaysia,444.0
Sarawak FA,Mark Hartmann,-,23,Attacking Midfield,Midfielders,Philippines,25000.0
Sarawak FA,Hafis Saperi,27,21,Attacking Midfield,Midfielders,Malaysia,446.0
Sarawak FA,Abdul Rahim,30,20,Attacking Midfield,Midfielders,Malaysia,447.0
Sarawak FA,Sahil Suhaimi,51,23,Attacking Midfield,Midfielders,Singapore,448.0
Sarawak FA,Hafiz,11,27,Left Winger,Midfielders,Malaysia,449.0
Sarawak FA,Shamie Iszuan,-,20,Right Winger,Midfielders,Malaysia,450.0
Sarawak FA,Dalglish,23,24,Right Winger,Midfielders,Malaysia,451.0
Sarawak FA,Mateo Roskam,9,28,Centre-Forward,Forwards,Croatia,100000.0
Sarawak FA,Jong-ho Lee,-,29,Centre-Forward,Forwards,"Korea, South",453.0
Sarawak FA,Alexander Jerome,29,22,Striker,Forwards,Malaysia,454.0
Sarawak FA,Nor Azizi Ramlee,34,19,Centre-Forward,Forwards,Malaysia,455.0
Sarawak FA,Abang Nur Afirman,36,17,Striker,Forwards,Malaysia,456.0
